Sample,Gene,Position,Variant,Strelka,LoFreqSomatic,Mutect
1,AKT1,chr14:105246551,c.49G>A;p.E17K,,,
1,BRAF,chr7:140453135,c.1798_1799GT>AA;p.V600K,,,
1,BRAF,chr7:140453136,c.1799T>A;p.V600E,,,
1,BRAF,chr7:140477837,c.1457_1471del;p.Asn486_Pro490del,,,
1,CTNNB1,chr3:41266124,c.121A>G;p.T41A,,,
1,CTNNB1,chr3:41266137,c.134C>T;p.S45F,,,
1,EGFR,chr7:55221822,c.866C>T;p.A289V,,,
1,EGFR,chr7:55241706,c.2154G>A;p.L718,,,
1,EGFR,chr7:55241707,c.2155G>A;p.G719S,,,
1,EGFR,chr7:55242464,c.2235_2249del15;p.E746_A750delELREA,,,
1,EGFR,chr7:55242465,c.2236_2250del15;p.E746_A750delELREA,,,
1,EGFR,chr7:55242466,c.2237_2255>T;p.E746_S752>V,,,
1,EGFR,chr7:55242467,c.2238_2255del18;p.E746_S752>D,,,
1,EGFR,chr7:55249071,c.2369C>T;p.T790M,,,
1,EGFR,chr7:55259013,c.2311_2312insACCGGC;p.N771_P772insRH,,,
1,EGFR,chr7:55259514,c.2573_2574TG>GT;p.L858R,,,
1,EGFR,chr7:55259515,c.2573T>G;p.L858R,,,
1,EGFR,chr7:55242468,c.2239_2248TTAAGAGAAG>C;AA=p.L747_A750,,,
1,EGFR,chr7:55242469,c.2240_2254del15;p.L747_T751delLREA,,,
1,FGFR3,chr4:1803568,c.746C>G;p.S249C,,,
1,FGFR3,chr4:1806099,c.1118A>G;p.Y373C,,,
1,IDH1,chr2:209113111,c.394_395CG>TC;p.R132S,,,
1,IDH1,chr2:209113112,c.395G>A;p.R132H,,,
1,IDH1,chr2:209113113,c.394C>T;p.R132C,,,
1,IDH2,chr15:90631934,c.419G>T;p.R140L,,,
1,IDH2,chr15:90631958,c.415A>?;p.W132?,,,
1,JAK2,chr9:5073770,c.1849G>T;p.V617F,,,
1,KIT,chr4:55599321,c.2447A>T;p.D816V,,,
1,KRAS,chr12:25398281,c.38G>A;p.G13D,,,
1,KRAS,chr12:25398282,c.37G>C;p.G13R,,,
1,KRAS,chr12:25398283  ,c.34_35GG>TA;p.G12Y,,,
1,KRAS,chr12:25398284,c.35G>A;p.G12D,,,
1,KRAS,chr12:25398285,c.34G>C;p.G12R,,,
1,MYD88,chr3:38182641,c.794T>C;p.L265P,,,
1,NPM1,chr5:170837547,c.863_864insTCTG;p.W288fs*12,,,
1,NRAS,chr1:115256529,c.182A>G;p.Q61R,,,
1,NRAS,chr1:115256530,c.181C>A;p.Q61K,,,
1,NRAS,chr1:115258747,c.35G>A;p.G12D,,,
1,PIK3CA,chr3:178927980,c.1258T>C;p.C420R,,,
1,PIK3CA,chr3:178936082,c.1624G>A;p.E542K,,,
1,PIK3CA,chr3:178936091,c.1633G>A;p.E545K,,,
1,PIK3CA,chr3:178952085,c.3140A>G;p.H1047R,,,
1,PIK3CA  ,chr3:178928079,c.1357G>A;p.E453K,,,
1,TP53,chr17:7577120,c.818G>A;p.R273H,,,
1,TP53,chr17:7577121,c.817C>T;p.R273C,,,
1,TP53,chr17:7577538,c.743G>A;p.R248Q,,,
1,TP53,chr17:7577539,c.742C>T;p.R248W,,,
1,TP53,chr17:7578406,c.524G>A;p.R175H,,,
1,SF3B1,chr2:198266834,c.2098A>G;p.K700E,,,